[
{
    "model": "auth.permission",
    "pk": 1,
    "fields": {
        "name": "Can add log entry",
        "content_type": 1,
        "codename": "add_logentry"
    }
},
{
    "model": "auth.permission",
    "pk": 2,
    "fields": {
        "name": "Can change log entry",
        "content_type": 1,
        "codename": "change_logentry"
    }
},
{
    "model": "auth.permission",
    "pk": 3,
    "fields": {
        "name": "Can delete log entry",
        "content_type": 1,
        "codename": "delete_logentry"
    }
},
{
    "model": "auth.permission",
    "pk": 4,
    "fields": {
        "name": "Can view log entry",
        "content_type": 1,
        "codename": "view_logentry"
    }
},
{
    "model": "auth.permission",
    "pk": 5,
    "fields": {
        "name": "Can add permission",
        "content_type": 2,
        "codename": "add_permission"
    }
},
{
    "model": "auth.permission",
    "pk": 6,
    "fields": {
        "name": "Can change permission",
        "content_type": 2,
        "codename": "change_permission"
    }
},
{
    "model": "auth.permission",
    "pk": 7,
    "fields": {
        "name": "Can delete permission",
        "content_type": 2,
        "codename": "delete_permission"
    }
},
{
    "model": "auth.permission",
    "pk": 8,
    "fields": {
        "name": "Can view permission",
        "content_type": 2,
        "codename": "view_permission"
    }
},
{
    "model": "auth.permission",
    "pk": 9,
    "fields": {
        "name": "Can add group",
        "content_type": 3,
        "codename": "add_group"
    }
},
{
    "model": "auth.permission",
    "pk": 10,
    "fields": {
        "name": "Can change group",
        "content_type": 3,
        "codename": "change_group"
    }
},
{
    "model": "auth.permission",
    "pk": 11,
    "fields": {
        "name": "Can delete group",
        "content_type": 3,
        "codename": "delete_group"
    }
},
{
    "model": "auth.permission",
    "pk": 12,
    "fields": {
        "name": "Can view group",
        "content_type": 3,
        "codename": "view_group"
    }
},
{
    "model": "auth.permission",
    "pk": 13,
    "fields": {
        "name": "Can add user",
        "content_type": 4,
        "codename": "add_user"
    }
},
{
    "model": "auth.permission",
    "pk": 14,
    "fields": {
        "name": "Can change user",
        "content_type": 4,
        "codename": "change_user"
    }
},
{
    "model": "auth.permission",
    "pk": 15,
    "fields": {
        "name": "Can delete user",
        "content_type": 4,
        "codename": "delete_user"
    }
},
{
    "model": "auth.permission",
    "pk": 16,
    "fields": {
        "name": "Can view user",
        "content_type": 4,
        "codename": "view_user"
    }
},
{
    "model": "auth.permission",
    "pk": 17,
    "fields": {
        "name": "Can add content type",
        "content_type": 5,
        "codename": "add_contenttype"
    }
},
{
    "model": "auth.permission",
    "pk": 18,
    "fields": {
        "name": "Can change content type",
        "content_type": 5,
        "codename": "change_contenttype"
    }
},
{
    "model": "auth.permission",
    "pk": 19,
    "fields": {
        "name": "Can delete content type",
        "content_type": 5,
        "codename": "delete_contenttype"
    }
},
{
    "model": "auth.permission",
    "pk": 20,
    "fields": {
        "name": "Can view content type",
        "content_type": 5,
        "codename": "view_contenttype"
    }
},
{
    "model": "auth.permission",
    "pk": 21,
    "fields": {
        "name": "Can add session",
        "content_type": 6,
        "codename": "add_session"
    }
},
{
    "model": "auth.permission",
    "pk": 22,
    "fields": {
        "name": "Can change session",
        "content_type": 6,
        "codename": "change_session"
    }
},
{
    "model": "auth.permission",
    "pk": 23,
    "fields": {
        "name": "Can delete session",
        "content_type": 6,
        "codename": "delete_session"
    }
},
{
    "model": "auth.permission",
    "pk": 24,
    "fields": {
        "name": "Can view session",
        "content_type": 6,
        "codename": "view_session"
    }
},
{
    "model": "auth.permission",
    "pk": 25,
    "fields": {
        "name": "Can add etiqueta",
        "content_type": 7,
        "codename": "add_etiqueta"
    }
},
{
    "model": "auth.permission",
    "pk": 26,
    "fields": {
        "name": "Can change etiqueta",
        "content_type": 7,
        "codename": "change_etiqueta"
    }
},
{
    "model": "auth.permission",
    "pk": 27,
    "fields": {
        "name": "Can delete etiqueta",
        "content_type": 7,
        "codename": "delete_etiqueta"
    }
},
{
    "model": "auth.permission",
    "pk": 28,
    "fields": {
        "name": "Can view etiqueta",
        "content_type": 7,
        "codename": "view_etiqueta"
    }
},
{
    "model": "auth.permission",
    "pk": 29,
    "fields": {
        "name": "Can add proyecto",
        "content_type": 8,
        "codename": "add_proyecto"
    }
},
{
    "model": "auth.permission",
    "pk": 30,
    "fields": {
        "name": "Can change proyecto",
        "content_type": 8,
        "codename": "change_proyecto"
    }
},
{
    "model": "auth.permission",
    "pk": 31,
    "fields": {
        "name": "Can delete proyecto",
        "content_type": 8,
        "codename": "delete_proyecto"
    }
},
{
    "model": "auth.permission",
    "pk": 32,
    "fields": {
        "name": "Can view proyecto",
        "content_type": 8,
        "codename": "view_proyecto"
    }
},
{
    "model": "auth.permission",
    "pk": 33,
    "fields": {
        "name": "Can add usuario",
        "content_type": 9,
        "codename": "add_usuario"
    }
},
{
    "model": "auth.permission",
    "pk": 34,
    "fields": {
        "name": "Can change usuario",
        "content_type": 9,
        "codename": "change_usuario"
    }
},
{
    "model": "auth.permission",
    "pk": 35,
    "fields": {
        "name": "Can delete usuario",
        "content_type": 9,
        "codename": "delete_usuario"
    }
},
{
    "model": "auth.permission",
    "pk": 36,
    "fields": {
        "name": "Can view usuario",
        "content_type": 9,
        "codename": "view_usuario"
    }
},
{
    "model": "auth.permission",
    "pk": 37,
    "fields": {
        "name": "Can add tarea",
        "content_type": 10,
        "codename": "add_tarea"
    }
},
{
    "model": "auth.permission",
    "pk": 38,
    "fields": {
        "name": "Can change tarea",
        "content_type": 10,
        "codename": "change_tarea"
    }
},
{
    "model": "auth.permission",
    "pk": 39,
    "fields": {
        "name": "Can delete tarea",
        "content_type": 10,
        "codename": "delete_tarea"
    }
},
{
    "model": "auth.permission",
    "pk": 40,
    "fields": {
        "name": "Can view tarea",
        "content_type": 10,
        "codename": "view_tarea"
    }
},
{
    "model": "auth.permission",
    "pk": 41,
    "fields": {
        "name": "Can add comentario",
        "content_type": 11,
        "codename": "add_comentario"
    }
},
{
    "model": "auth.permission",
    "pk": 42,
    "fields": {
        "name": "Can change comentario",
        "content_type": 11,
        "codename": "change_comentario"
    }
},
{
    "model": "auth.permission",
    "pk": 43,
    "fields": {
        "name": "Can delete comentario",
        "content_type": 11,
        "codename": "delete_comentario"
    }
},
{
    "model": "auth.permission",
    "pk": 44,
    "fields": {
        "name": "Can view comentario",
        "content_type": 11,
        "codename": "view_comentario"
    }
},
{
    "model": "auth.permission",
    "pk": 45,
    "fields": {
        "name": "Can add asignacion tarea",
        "content_type": 12,
        "codename": "add_asignaciontarea"
    }
},
{
    "model": "auth.permission",
    "pk": 46,
    "fields": {
        "name": "Can change asignacion tarea",
        "content_type": 12,
        "codename": "change_asignaciontarea"
    }
},
{
    "model": "auth.permission",
    "pk": 47,
    "fields": {
        "name": "Can delete asignacion tarea",
        "content_type": 12,
        "codename": "delete_asignaciontarea"
    }
},
{
    "model": "auth.permission",
    "pk": 48,
    "fields": {
        "name": "Can view asignacion tarea",
        "content_type": 12,
        "codename": "view_asignaciontarea"
    }
},
{
    "model": "contenttypes.contenttype",
    "pk": 1,
    "fields": {
        "app_label": "admin",
        "model": "logentry"
    }
},
{
    "model": "contenttypes.contenttype",
    "pk": 2,
    "fields": {
        "app_label": "auth",
        "model": "permission"
    }
},
{
    "model": "contenttypes.contenttype",
    "pk": 3,
    "fields": {
        "app_label": "auth",
        "model": "group"
    }
},
{
    "model": "contenttypes.contenttype",
    "pk": 4,
    "fields": {
        "app_label": "auth",
        "model": "user"
    }
},
{
    "model": "contenttypes.contenttype",
    "pk": 5,
    "fields": {
        "app_label": "contenttypes",
        "model": "contenttype"
    }
},
{
    "model": "contenttypes.contenttype",
    "pk": 6,
    "fields": {
        "app_label": "sessions",
        "model": "session"
    }
},
{
    "model": "contenttypes.contenttype",
    "pk": 7,
    "fields": {
        "app_label": "GestionTareas",
        "model": "etiqueta"
    }
},
{
    "model": "contenttypes.contenttype",
    "pk": 8,
    "fields": {
        "app_label": "GestionTareas",
        "model": "proyecto"
    }
},
{
    "model": "contenttypes.contenttype",
    "pk": 9,
    "fields": {
        "app_label": "GestionTareas",
        "model": "usuario"
    }
},
{
    "model": "contenttypes.contenttype",
    "pk": 10,
    "fields": {
        "app_label": "GestionTareas",
        "model": "tarea"
    }
},
{
    "model": "contenttypes.contenttype",
    "pk": 11,
    "fields": {
        "app_label": "GestionTareas",
        "model": "comentario"
    }
},
{
    "model": "contenttypes.contenttype",
    "pk": 12,
    "fields": {
        "app_label": "GestionTareas",
        "model": "asignaciontarea"
    }
},
{
    "model": "GestionTareas.usuario",
    "pk": 1,
    "fields": {
        "nombre": "Soon meet none describe while know garden write. Picture consumer deal.\nDecision condition customer success. Price relationship guess.",
        "email": "james16@example.com",
        "contrasenia": "Peace beautiful because situation. Door travel so social.\nContain above manager art same board. Night morning color particular. Tonight must majority Mrs two enjoy. Seek sit enter about receive million get.",
        "fecha_registro": "2024-10-25T13:00:01.779"
    }
},
{
    "model": "GestionTareas.usuario",
    "pk": 2,
    "fields": {
        "nombre": "Argue analysis else themselves join. Might get per race wide how. East vote break where information somebody manage.",
        "email": "wguerra@example.org",
        "contrasenia": "Must compare war hear program network born. Certain let power us great program. Value sometimes partner turn.\nCulture manage network see. Level Congress affect action. Friend drive full them third technology.",
        "fecha_registro": "2024-10-25T13:00:01.779"
    }
},
{
    "model": "GestionTareas.usuario",
    "pk": 3,
    "fields": {
        "nombre": "Player bad begin certainly least. Score TV maintain all threat believe make need.",
        "email": "scottrobert@example.com",
        "contrasenia": "To hard then too. Happy drive impact may me opportunity.\nTurn fact save improve. Into feeling perform set play. Night audience ok our economic. Appear shake quite who nice by.",
        "fecha_registro": "2024-10-25T13:00:01.779"
    }
},
{
    "model": "GestionTareas.usuario",
    "pk": 4,
    "fields": {
        "nombre": "Economic key use out around high day. Medical miss town. Tree bar arm or time suffer.\nCold worker gas piece to score reality.",
        "email": "karafoster@example.com",
        "contrasenia": "Carry degree Mr difference. When threat my own set.\nPopulation reality officer fact citizen generation. Nearly clear agreement across financial money behind voice. Direction other wall.",
        "fecha_registro": "2024-10-25T13:00:01.779"
    }
},
{
    "model": "GestionTareas.usuario",
    "pk": 5,
    "fields": {
        "nombre": "Price arrive middle structure here list. Increase design magazine single.",
        "email": "allennathaniel@example.org",
        "contrasenia": "Star opportunity direction take effect. Recently white test small around work our. Determine speech military first. Understand focus create debate use baby measure.\nMovement health church which individual type hospital.",
        "fecha_registro": "2024-10-25T13:00:01.779"
    }
},
{
    "model": "GestionTareas.usuario",
    "pk": 6,
    "fields": {
        "nombre": "Pressure treat city common near son. Language enough way expert participant.\nModern career whether. Campaign offer scientist of knowledge and.",
        "email": "samanthahood@example.net",
        "contrasenia": "Trouble site radio option TV. Future order sign nation. Charge company party.\nMeeting election theory election. Population when compare fly single where more.\nWonder tax true shake million board. Former heavy since. Dog save lose.",
        "fecha_registro": "2024-10-25T13:00:01.779"
    }
},
{
    "model": "GestionTareas.usuario",
    "pk": 7,
    "fields": {
        "nombre": "Any enjoy herself. Talk him guy avoid charge.\nAble able personal four simple. Player real lot. Box discuss color. Power participant whole great.",
        "email": "lkim@example.net",
        "contrasenia": "Worry fall there west return. Most democratic cost most. Herself air most success.\nFollow much though. Site discuss create.\nLong laugh just reflect none decision scene. Suffer parent include Republican total can by thus.",
        "fecha_registro": "2024-10-25T13:00:01.779"
    }
},
{
    "model": "GestionTareas.usuario",
    "pk": 8,
    "fields": {
        "nombre": "Water both though production dark now interview road. Program just bar her. Anyone first ahead identify fish best artist.",
        "email": "xcaldwell@example.org",
        "contrasenia": "Once dark source attack public. Wrong street after federal popular media.\nConference floor public send. Analysis room street machine power team.",
        "fecha_registro": "2024-10-25T13:00:01.779"
    }
},
{
    "model": "GestionTareas.usuario",
    "pk": 9,
    "fields": {
        "nombre": "Ever matter southern soldier miss material create. Voice degree level among yard want.",
        "email": "shawrichard@example.com",
        "contrasenia": "Subject station design resource pick before. Just charge more subject.\nAge these forget husband fill begin short attack. Six actually position.",
        "fecha_registro": "2024-10-25T13:00:01.779"
    }
},
{
    "model": "GestionTareas.usuario",
    "pk": 10,
    "fields": {
        "nombre": "Black firm quickly development throughout. Force discuss protect citizen. Cold image play so. Maybe degree all if until animal.",
        "email": "chadroberts@example.net",
        "contrasenia": "Sound debate third pressure instead help. Perhaps rock more night person.\nRole to event central. Game my rock buy behind job. Pass subject catch those model professional.",
        "fecha_registro": "2024-10-25T13:00:01.779"
    }
},
{
    "model": "GestionTareas.usuario",
    "pk": 11,
    "fields": {
        "nombre": "Bad hit fund should. Be some word hear network.\nType fire sense network else. Raise national other their north Democrat determine.",
        "email": "carlmendoza@example.net",
        "contrasenia": "But officer others issue explain charge again their. Manager seek worry range father picture. Firm her everyone question color road hotel.\nRise message claim stuff perform able determine. Space talk newspaper range suffer artist off official.",
        "fecha_registro": "2024-10-25T13:00:01.779"
    }
},
{
    "model": "GestionTareas.usuario",
    "pk": 12,
    "fields": {
        "nombre": "Fire admit able direction perform return police. Bad why let single personal particular.",
        "email": "wooddavid@example.com",
        "contrasenia": "And key gun book trip affect hair. Travel rise sort allow.\nOutside suddenly participant somebody interesting when always loss. Available wonder skill contain laugh official. Check control capital.",
        "fecha_registro": "2024-10-25T13:00:01.779"
    }
},
{
    "model": "GestionTareas.usuario",
    "pk": 13,
    "fields": {
        "nombre": "Central water cold state. Always area air truth recent.",
        "email": "dixontammy@example.com",
        "contrasenia": "Hospital just half rest bit very budget.\nFriend get organization worker well improve idea. Impact campaign teach most individual there wear Republican.",
        "fecha_registro": "2024-10-25T13:00:01.779"
    }
},
{
    "model": "GestionTareas.usuario",
    "pk": 14,
    "fields": {
        "nombre": "Wish capital TV describe within system scene phone. Paper meet property. Easy often without try when speak various. Hot fire hit standard.",
        "email": "sawyermelissa@example.org",
        "contrasenia": "Feeling future fire among likely. Body security newspaper game job.\nThroughout increase attention make air able fall. Class should local exist. Remain easy rest. Adult one sit step type.",
        "fecha_registro": "2024-10-25T13:00:01.779"
    }
},
{
    "model": "GestionTareas.usuario",
    "pk": 15,
    "fields": {
        "nombre": "Modern direction kitchen pressure. Me environment threat. Focus Mr speak a south soon leave fear.",
        "email": "thomaschelsea@example.com",
        "contrasenia": "Spend medical which dinner. Grow realize check bank budget recognize do very.\nKid arrive day my Congress. They drive follow. Include establish table protect rock myself.\nArticle they development. My never tough sure.",
        "fecha_registro": "2024-10-25T13:00:01.779"
    }
},
{
    "model": "GestionTareas.proyecto",
    "pk": 1,
    "fields": {
        "nombre": "Fish six participant memory box join next suggest.\nManage eat peace put manage continue. Class performance risk be glass. Key hit yet account report.",
        "descripcion": "Process past finally against ready believe view. Effect full stage their through night. Kid eye kid wait former raise use answer.",
        "duracion_estimada": 0.8170506843822681,
        "fecha_inicio": "1989-11-16",
        "fecha_finalizacion": "1973-11-23",
        "creador": 13,
        "usuarios_asignados": [
            3,
            7
        ]
    }
},
{
    "model": "GestionTareas.proyecto",
    "pk": 2,
    "fields": {
        "nombre": "Despite company sport every have seat product. Door world expect local free realize speech.",
        "descripcion": "Find require everyone commercial check body recently. Matter stock democratic get while trade thank.\nRequire think hear so church house. You see board.",
        "duracion_estimada": 0.9176484426757301,
        "fecha_inicio": "1980-10-09",
        "fecha_finalizacion": "1970-02-27",
        "creador": 12,
        "usuarios_asignados": [
            3
        ]
    }
},
{
    "model": "GestionTareas.proyecto",
    "pk": 3,
    "fields": {
        "nombre": "Serious leave admit official. Man prevent evidence discussion night ground. Various fire lose maybe sense stop couple.",
        "descripcion": "Quite young cup push also ok.\nSocial among possible finally nation part whom. Ok wide hospital defense sign.\nEspecially coach out station family item watch. Former contain into career.",
        "duracion_estimada": 0.5101023357044301,
        "fecha_inicio": "1997-12-26",
        "fecha_finalizacion": "2007-09-08",
        "creador": 6,
        "usuarios_asignados": [
            7,
            15
        ]
    }
},
{
    "model": "GestionTareas.proyecto",
    "pk": 4,
    "fields": {
        "nombre": "Nation forward next war. Stand since standard speech truth.",
        "descripcion": "Also detail sport station voice. Soon government fear face fine. Color market within coach road image.",
        "duracion_estimada": 0.26916036309786473,
        "fecha_inicio": "1998-01-11",
        "fecha_finalizacion": "2004-11-08",
        "creador": 9,
        "usuarios_asignados": [
            2,
            10,
            11
        ]
    }
},
{
    "model": "GestionTareas.proyecto",
    "pk": 5,
    "fields": {
        "nombre": "Itself increase Mrs. Second level season a. Similar effort bank successful vote guy.",
        "descripcion": "Then mind from if. Pass star offer approach. Series daughter much public investment although hot.",
        "duracion_estimada": 0.15515053371420862,
        "fecha_inicio": "1995-05-22",
        "fecha_finalizacion": "1995-10-04",
        "creador": 5,
        "usuarios_asignados": [
            4,
            12
        ]
    }
},
{
    "model": "GestionTareas.proyecto",
    "pk": 6,
    "fields": {
        "nombre": "Single staff run song. High control worry food stock once.",
        "descripcion": "Full star whole responsibility employee baby ready. History discover major from material.",
        "duracion_estimada": 0.6235950192226078,
        "fecha_inicio": "1976-11-13",
        "fecha_finalizacion": "2022-10-31",
        "creador": 1,
        "usuarios_asignados": [
            8
        ]
    }
},
{
    "model": "GestionTareas.proyecto",
    "pk": 7,
    "fields": {
        "nombre": "Offer for day expert poor provide language year. Spend clear quickly resource oil we former. Data yet too fish hotel base risk Mr.",
        "descripcion": "Instead series identify military. Chair seat country throughout author church.\nBring matter action report. Politics above dog city adult life. Accept suffer leader often.",
        "duracion_estimada": 0.871794807901733,
        "fecha_inicio": "2013-12-06",
        "fecha_finalizacion": "1987-08-19",
        "creador": 13,
        "usuarios_asignados": [
            2,
            5,
            8,
            13
        ]
    }
},
{
    "model": "GestionTareas.proyecto",
    "pk": 8,
    "fields": {
        "nombre": "Wear toward customer former cold skin event. Police approach worry effect recognize town fly. Tv never front finish national.",
        "descripcion": "Myself space since wife common. Per seven important performance southern. Worker loss indicate wonder.",
        "duracion_estimada": 0.5678234492640377,
        "fecha_inicio": "2018-01-17",
        "fecha_finalizacion": "1985-10-03",
        "creador": 3,
        "usuarios_asignados": [
            5,
            6
        ]
    }
},
{
    "model": "GestionTareas.proyecto",
    "pk": 9,
    "fields": {
        "nombre": "Bad job finally forget. West able much growth. Market become art.",
        "descripcion": "Nation according major there food fall. Source conference player million. Boy often just really.",
        "duracion_estimada": 0.2413692895961116,
        "fecha_inicio": "2007-07-23",
        "fecha_finalizacion": "2014-10-12",
        "creador": 12,
        "usuarios_asignados": [
            1
        ]
    }
},
{
    "model": "GestionTareas.proyecto",
    "pk": 10,
    "fields": {
        "nombre": "Little professional serve method fight. Try likely risk option. Case question live.",
        "descripcion": "Follow thus majority realize the onto one. Bar news adult alone although rest.",
        "duracion_estimada": 0.29359868408509204,
        "fecha_inicio": "1976-08-25",
        "fecha_finalizacion": "1972-12-05",
        "creador": 3,
        "usuarios_asignados": [
            3,
            6,
            11,
            15
        ]
    }
},
{
    "model": "GestionTareas.proyecto",
    "pk": 11,
    "fields": {
        "nombre": "Rich family good treat. Traditional campaign career us contain development brother. Painting explain wear enjoy begin yourself him.",
        "descripcion": "Treatment one consumer price central decade. Catch recent here race on they. Generation here nor three.",
        "duracion_estimada": 0.6110081285266176,
        "fecha_inicio": "1986-11-22",
        "fecha_finalizacion": "1974-12-02",
        "creador": 9,
        "usuarios_asignados": [
            5
        ]
    }
},
{
    "model": "GestionTareas.proyecto",
    "pk": 12,
    "fields": {
        "nombre": "Door perhaps draw. Avoid data letter strong. Religious than art fall second space feeling final.",
        "descripcion": "Boy very rather director education remember. Memory onto voice.\nSurface best five. Republican do suffer final generation performance.",
        "duracion_estimada": 0.06390538468368501,
        "fecha_inicio": "1978-08-31",
        "fecha_finalizacion": "2020-10-30",
        "creador": 4,
        "usuarios_asignados": [
            6
        ]
    }
},
{
    "model": "GestionTareas.proyecto",
    "pk": 13,
    "fields": {
        "nombre": "Anyone four rest hard. Authority think bad effect his. Receive drug several own seem.",
        "descripcion": "Mission bad PM light party five nor. Necessary risk so design.\nAble especially list long nice. Assume it just quickly listen catch. Under develop shake will support.",
        "duracion_estimada": 0.6955767942803409,
        "fecha_inicio": "1975-10-02",
        "fecha_finalizacion": "2020-07-20",
        "creador": 11,
        "usuarios_asignados": [
            2,
            7,
            12
        ]
    }
},
{
    "model": "GestionTareas.proyecto",
    "pk": 14,
    "fields": {
        "nombre": "Even campaign oil name toward power. Where wind left move. Evidence where future.\nSummer may officer charge. Want type artist partner bar ask water.",
        "descripcion": "Simple your born one Mr. Maintain decision attorney employee push stop visit. Unit hard pay change choose amount perhaps husband.",
        "duracion_estimada": 0.2333539989516481,
        "fecha_inicio": "2023-03-10",
        "fecha_finalizacion": "2024-01-01",
        "creador": 1,
        "usuarios_asignados": [
            5,
            12
        ]
    }
},
{
    "model": "GestionTareas.proyecto",
    "pk": 15,
    "fields": {
        "nombre": "Between fund nearly former crime about else. Ten today for material. Number industry major hand minute.\nSouthern laugh land yard.",
        "descripcion": "Picture weight quickly feeling manager modern rather. Identify city political order player human call maybe.\nChair majority finish. Factor enough almost economy anything together assume.",
        "duracion_estimada": 0.7516135272619098,
        "fecha_inicio": "1984-07-04",
        "fecha_finalizacion": "2017-10-07",
        "creador": 10,
        "usuarios_asignados": [
            10
        ]
    }
},
{
    "model": "GestionTareas.etiqueta",
    "pk": 1,
    "fields": {
        "nombre": "Give risk both on usually. Rise wrong get everything. Push card style on over."
    }
},
{
    "model": "GestionTareas.etiqueta",
    "pk": 2,
    "fields": {
        "nombre": "Necessary same boy must college stop box. With edge answer million. Able on question grow. Name find business rate pay."
    }
},
{
    "model": "GestionTareas.etiqueta",
    "pk": 3,
    "fields": {
        "nombre": "Senior important center plant. Since voice indicate know. Catch several lawyer short.\nWhole party thousand little art. Realize order activity charge."
    }
},
{
    "model": "GestionTareas.etiqueta",
    "pk": 4,
    "fields": {
        "nombre": "Reason follow economic no man science unit. Note table audience value."
    }
},
{
    "model": "GestionTareas.etiqueta",
    "pk": 5,
    "fields": {
        "nombre": "West yard before.\nMajority forget picture rather central war sea. One sometimes partner course or Mr history."
    }
},
{
    "model": "GestionTareas.etiqueta",
    "pk": 6,
    "fields": {
        "nombre": "Safe north continue know president rather TV. Guy know people here party design."
    }
},
{
    "model": "GestionTareas.etiqueta",
    "pk": 7,
    "fields": {
        "nombre": "Head list wish collection. Ability speak official word himself car look strong. Simple leg fact page."
    }
},
{
    "model": "GestionTareas.etiqueta",
    "pk": 8,
    "fields": {
        "nombre": "Course fact training into. Tv age court until very.\nForm Democrat staff throw. Ok have main school.\nSimple maintain bar situation light simple."
    }
},
{
    "model": "GestionTareas.etiqueta",
    "pk": 9,
    "fields": {
        "nombre": "Support fear population check assume two.\nNature increase home agree. End person child run.\nGarden play reason unit."
    }
},
{
    "model": "GestionTareas.etiqueta",
    "pk": 10,
    "fields": {
        "nombre": "How he team will. Pass parent probably exactly food current. Modern win assume the parent matter sea along."
    }
},
{
    "model": "GestionTareas.etiqueta",
    "pk": 11,
    "fields": {
        "nombre": "Difference music fact imagine. Another enjoy truth yourself.\nOperation campaign weight at can certainly worker."
    }
},
{
    "model": "GestionTareas.etiqueta",
    "pk": 12,
    "fields": {
        "nombre": "Management through television suffer.\nFoot room although. Author argue join fight improve. All minute clearly more available full."
    }
},
{
    "model": "GestionTareas.etiqueta",
    "pk": 13,
    "fields": {
        "nombre": "Yet near financial human political.\nEither stage race degree. Special meeting training western."
    }
},
{
    "model": "GestionTareas.etiqueta",
    "pk": 14,
    "fields": {
        "nombre": "Person enough onto thing collection computer available. Another the only the hundred professional item."
    }
},
{
    "model": "GestionTareas.etiqueta",
    "pk": 15,
    "fields": {
        "nombre": "Mr several agency degree effect return technology near. Popular whom argue effect five. Commercial money practice somebody standard."
    }
},
{
    "model": "GestionTareas.tarea",
    "pk": 1,
    "fields": {
        "titulo": "Himself professor magazine happen her situation. Include between popular whom remember push. Too reveal statement I lawyer on.\nMeeting produce cause wide world those.",
        "descripcion": "Unit threat government center player our. Wall cut action response reason. Back soldier full if.\nAir worker research admit debate his eye. Walk music career team.",
        "prioridad": -17209,
        "estado": "Progreso",
        "completada": true,
        "fecha_creacion": "2011-04-22",
        "hora_vencimiento": "2006-12-23T04:54:18.547",
        "creador": 7,
        "proyecto": 4,
        "etiquetas_asociadas": [
            2,
            14,
            15
        ]
    }
},
{
    "model": "GestionTareas.tarea",
    "pk": 2,
    "fields": {
        "titulo": "Analysis chair blood. Leave century degree TV spring discuss.\nBoy into through executive. Guess there that task question.\nRule prepare for item seem impact. Wonder pass put cup lay visit.",
        "descripcion": "Perhaps strategy turn. Owner question none. Head bit town simple then. Serious environment may production down.\nBuild manager interview expert. Someone skill assume suggest hold property.",
        "prioridad": -29828,
        "estado": "Completada",
        "completada": true,
        "fecha_creacion": "1989-12-18",
        "hora_vencimiento": "1981-07-06T05:03:57.717",
        "creador": 7,
        "proyecto": 15,
        "etiquetas_asociadas": [
            1,
            13
        ]
    }
},
{
    "model": "GestionTareas.tarea",
    "pk": 3,
    "fields": {
        "titulo": "Exist performance wide man. Social what character interest off full figure. Hair dinner friend act officer person.\nFather process performance positive. Road them view certainly energy. War information position first behind establish.",
        "descripcion": "Focus official partner and south prepare view. Later song court call board. Remember where land shake practice city. Perform financial right total husband story.",
        "prioridad": -24584,
        "estado": "Pendiente",
        "completada": true,
        "fecha_creacion": "1987-10-08",
        "hora_vencimiento": "2024-03-01T15:59:05.789",
        "creador": 5,
        "proyecto": 4,
        "etiquetas_asociadas": [
            2
        ]
    }
},
{
    "model": "GestionTareas.tarea",
    "pk": 4,
    "fields": {
        "titulo": "Bad activity however brother successful skin. Toward table commercial painting move teach success. Take case product sign.\nRecognize Republican activity article standard we.",
        "descripcion": "Long sister affect born according. Example around long use.\nTrip allow issue east kind time animal. Human rise law on. Include later describe today.",
        "prioridad": -27476,
        "estado": "Pendiente",
        "completada": true,
        "fecha_creacion": "2014-12-29",
        "hora_vencimiento": "2011-08-10T18:01:09.997",
        "creador": 4,
        "proyecto": 4,
        "etiquetas_asociadas": [
            1,
            8,
            13
        ]
    }
},
{
    "model": "GestionTareas.tarea",
    "pk": 5,
    "fields": {
        "titulo": "Sure necessary the most husband support myself discover.\nBuilding federal entire public little almost. Central financial rather answer quickly. Benefit must skin dog.",
        "descripcion": "Family wonder study against yeah deal. Arm power painting meeting day last.\nSo item you condition low from Democrat.",
        "prioridad": -10361,
        "estado": "Completada",
        "completada": true,
        "fecha_creacion": "1990-05-02",
        "hora_vencimiento": "2022-04-10T20:56:09.356",
        "creador": 12,
        "proyecto": 1,
        "etiquetas_asociadas": [
            3,
            6,
            11,
            14
        ]
    }
},
{
    "model": "GestionTareas.tarea",
    "pk": 6,
    "fields": {
        "titulo": "President still among town product.\nForget sea state rate improve course claim. Most not age station our.\nTen different modern pretty.\nParticularly some of three mention hold top. Economic address successful forget deep. Improve marriage watch.",
        "descripcion": "Someone big area be suggest. Or anything information compare hundred. Speech seem pull dream.",
        "prioridad": 2515,
        "estado": "Completada",
        "completada": true,
        "fecha_creacion": "2015-12-18",
        "hora_vencimiento": "2024-05-25T22:11:27.780",
        "creador": 11,
        "proyecto": 12,
        "etiquetas_asociadas": [
            2,
            4,
            15
        ]
    }
},
{
    "model": "GestionTareas.tarea",
    "pk": 7,
    "fields": {
        "titulo": "Book state shake believe increase. Arm nothing page tonight. Alone else and dog site song what.\nChange total man itself physical special. Cold work more theory everybody recently.\nHim everybody paper person lay board. Citizen federal technology.",
        "descripcion": "Against war show during great. Six quality administration really leave player.\nTrade image reduce. Air win more toward end anyone effort.",
        "prioridad": 23464,
        "estado": "Completada",
        "completada": true,
        "fecha_creacion": "1983-05-31",
        "hora_vencimiento": "1970-08-09T11:48:05.870",
        "creador": 13,
        "proyecto": 14,
        "etiquetas_asociadas": [
            1,
            7,
            12
        ]
    }
},
{
    "model": "GestionTareas.tarea",
    "pk": 8,
    "fields": {
        "titulo": "Want factor quality voice laugh. Including discuss claim young car.\nThus guy find able. Wear identify woman material protect.\nDo on those many meet operation force exactly. Three those cup. What left hear really avoid big.",
        "descripcion": "Course all reveal pay. Enjoy time try hard situation represent.\nWord serve picture thousand heavy thing. Check mind road financial garden.",
        "prioridad": 1995,
        "estado": "Completada",
        "completada": true,
        "fecha_creacion": "2020-02-18",
        "hora_vencimiento": "1998-06-28T14:19:38.953",
        "creador": 15,
        "proyecto": 5,
        "etiquetas_asociadas": [
            4
        ]
    }
},
{
    "model": "GestionTareas.tarea",
    "pk": 9,
    "fields": {
        "titulo": "Movement whole yard. No million inside discuss region yourself happen. Player field five single high.\nBuilding question former television defense. Once either safe true box.",
        "descripcion": "Similar both help attention. Involve produce buy grow.\nTree baby agency purpose gas. Exist address state work hit arm page ok. Several year music standard check. Rather compare head top.",
        "prioridad": -11311,
        "estado": "Completada",
        "completada": false,
        "fecha_creacion": "2004-12-15",
        "hora_vencimiento": "1993-05-06T03:43:26.896",
        "creador": 9,
        "proyecto": 4,
        "etiquetas_asociadas": [
            11
        ]
    }
},
{
    "model": "GestionTareas.tarea",
    "pk": 10,
    "fields": {
        "titulo": "Center she baby film bad. Manager perform set our table eight.\nReduce but purpose live particular. Congress section unit less market economic reach.",
        "descripcion": "Career there write work them each. Serious station machine low number. Girl determine suggest open.",
        "prioridad": 11342,
        "estado": "Completada",
        "completada": false,
        "fecha_creacion": "2021-07-10",
        "hora_vencimiento": "2019-10-28T17:35:39.286",
        "creador": 1,
        "proyecto": 15,
        "etiquetas_asociadas": [
            9,
            11,
            12
        ]
    }
},
{
    "model": "GestionTareas.tarea",
    "pk": 11,
    "fields": {
        "titulo": "Republican everyone gas sister she study. Hair tell red century human international voice.\nHour admit somebody thank. Much growth letter lead security debate recently. Eight smile security majority night explain evidence.",
        "descripcion": "Tonight east building. Affect myself hot. Time summer professional clear dog. Live actually paper manage water office its about.",
        "prioridad": -25639,
        "estado": "Completada",
        "completada": false,
        "fecha_creacion": "1999-11-06",
        "hora_vencimiento": "2023-11-05T18:16:59.879",
        "creador": 3,
        "proyecto": 13,
        "etiquetas_asociadas": [
            3,
            4,
            9
        ]
    }
},
{
    "model": "GestionTareas.tarea",
    "pk": 12,
    "fields": {
        "titulo": "Soldier official remain above exist middle people scientist. Get method possible boy admit. Management then tonight wall yard.\nMay someone thus ok nearly relationship. Factor your foreign.",
        "descripcion": "Next hand western worry treat. Charge interview black story group everyone. Ten what current later ground.",
        "prioridad": -13602,
        "estado": "Progreso",
        "completada": false,
        "fecha_creacion": "2020-04-20",
        "hora_vencimiento": "2015-03-08T16:53:34.969",
        "creador": 10,
        "proyecto": 15,
        "etiquetas_asociadas": [
            4,
            7
        ]
    }
},
{
    "model": "GestionTareas.tarea",
    "pk": 13,
    "fields": {
        "titulo": "Bar enter her month war western. Class run particular agree talk. Head laugh foot although hand score.\nEast support show. Provide town new there. Special able according five summer.",
        "descripcion": "Population baby Mrs red. Suggest away so study myself west. Write court water serious tonight especially.\nCause environment easy color. Concern camera member figure reason doctor tax set.",
        "prioridad": 13851,
        "estado": "Progreso",
        "completada": true,
        "fecha_creacion": "2000-12-07",
        "hora_vencimiento": "1983-05-16T18:53:28.623",
        "creador": 15,
        "proyecto": 5,
        "etiquetas_asociadas": [
            8,
            13
        ]
    }
},
{
    "model": "GestionTareas.tarea",
    "pk": 14,
    "fields": {
        "titulo": "Get region produce prove for. Community catch necessary democratic total him future. Think attack doctor argue.\nWhole explain relationship central professor. Science still try help especially. Send risk then region.",
        "descripcion": "Change yard several manager. Out entire western green four huge.\nConcern stuff to least beyond. Painting born party prepare fine. Call cold foot off clearly low various artist.",
        "prioridad": -27169,
        "estado": "Pendiente",
        "completada": false,
        "fecha_creacion": "1977-03-30",
        "hora_vencimiento": "2019-03-20T02:26:46.875",
        "creador": 2,
        "proyecto": 3,
        "etiquetas_asociadas": [
            5,
            14
        ]
    }
},
{
    "model": "GestionTareas.tarea",
    "pk": 15,
    "fields": {
        "titulo": "Instead tend group ability responsibility try before. Southern when necessary beautiful cultural.\nLand that just human stuff. Budget world player action key moment. Beyond positive have professional.",
        "descripcion": "Meeting trade glass decide north see. Brother quite arm edge evening exactly. There subject fine floor your enough politics.",
        "prioridad": -5965,
        "estado": "Pendiente",
        "completada": true,
        "fecha_creacion": "2015-12-19",
        "hora_vencimiento": "1972-02-18T11:34:37.966",
        "creador": 6,
        "proyecto": 9,
        "etiquetas_asociadas": [
            3,
            6,
            13
        ]
    }
},
{
    "model": "GestionTareas.asignaciontarea",
    "pk": 1,
    "fields": {
        "tarea": 2,
        "usuario": 9,
        "observaciones": "Product name while necessary film result. Book perform policy arm also natural.\nBillion my should expect throw none score Democrat. Central already another field class.",
        "fecha_asignacion": "2024-10-25T13:00:01.779"
    }
},
{
    "model": "GestionTareas.asignaciontarea",
    "pk": 2,
    "fields": {
        "tarea": 5,
        "usuario": 11,
        "observaciones": "The receive risk pretty phone. Foreign choice detail soon seek measure carry admit.",
        "fecha_asignacion": "2024-10-25T13:00:01.779"
    }
},
{
    "model": "GestionTareas.asignaciontarea",
    "pk": 3,
    "fields": {
        "tarea": 14,
        "usuario": 6,
        "observaciones": "Others book bill result poor child once team. One one more some candidate training. Exactly if true wall seem national represent.",
        "fecha_asignacion": "2024-10-25T13:00:01.779"
    }
},
{
    "model": "GestionTareas.asignaciontarea",
    "pk": 4,
    "fields": {
        "tarea": 8,
        "usuario": 12,
        "observaciones": "Later area easy write. Prevent human can feel able option no. Thank attention behavior movement ago.",
        "fecha_asignacion": "2024-10-25T13:00:01.779"
    }
},
{
    "model": "GestionTareas.asignaciontarea",
    "pk": 5,
    "fields": {
        "tarea": 11,
        "usuario": 11,
        "observaciones": "Leg education painting three country people.\nHead describe why population place. Our stuff choice special whom realize. Fight throw best important leave treatment.",
        "fecha_asignacion": "2024-10-25T13:00:01.779"
    }
},
{
    "model": "GestionTareas.asignaciontarea",
    "pk": 6,
    "fields": {
        "tarea": 13,
        "usuario": 9,
        "observaciones": "Bed old above sit dark. Against age sense the more up society. Management full war western decision music career general. Difference issue smile.\nStuff by if able.",
        "fecha_asignacion": "2024-10-25T13:00:01.779"
    }
},
{
    "model": "GestionTareas.asignaciontarea",
    "pk": 7,
    "fields": {
        "tarea": 2,
        "usuario": 9,
        "observaciones": "Edge big short than bank. Brother situation board under. Bank clearly hot cover.\nYeah data sure. General catch others follow. Guy fall land down establish loss.",
        "fecha_asignacion": "2024-10-25T13:00:01.779"
    }
},
{
    "model": "GestionTareas.asignaciontarea",
    "pk": 8,
    "fields": {
        "tarea": 5,
        "usuario": 13,
        "observaciones": "Thank me measure physical protect purpose who. Owner easy much month money story when. Establish player painting receive. Major option mention four.",
        "fecha_asignacion": "2024-10-25T13:00:01.779"
    }
},
{
    "model": "GestionTareas.asignaciontarea",
    "pk": 9,
    "fields": {
        "tarea": 14,
        "usuario": 5,
        "observaciones": "Everything join finish.\nStock TV say collection none. Factor teacher instead final. Guy husband toward appear ask class expert. Especially weight note though leave.",
        "fecha_asignacion": "2024-10-25T13:00:01.779"
    }
},
{
    "model": "GestionTareas.asignaciontarea",
    "pk": 10,
    "fields": {
        "tarea": 10,
        "usuario": 15,
        "observaciones": "Chair appear economy recognize picture dark trouble every.\nArt system push visit nice rather understand. Write town interest action shake school left.",
        "fecha_asignacion": "2024-10-25T13:00:01.779"
    }
},
{
    "model": "GestionTareas.asignaciontarea",
    "pk": 11,
    "fields": {
        "tarea": 6,
        "usuario": 5,
        "observaciones": "Company animal unit article these. Leg product human miss.\nBenefit near high right.\nFact avoid shake fish. Else project class interest line.\nWhere chance describe. Often painting although will big.",
        "fecha_asignacion": "2024-10-25T13:00:01.779"
    }
},
{
    "model": "GestionTareas.asignaciontarea",
    "pk": 12,
    "fields": {
        "tarea": 3,
        "usuario": 6,
        "observaciones": "Read against physical live miss water. Management everybody identify late stock process begin. School clearly bank voice.\nSociety organization too property subject. Chair general system dog.",
        "fecha_asignacion": "2024-10-25T13:00:01.779"
    }
},
{
    "model": "GestionTareas.asignaciontarea",
    "pk": 13,
    "fields": {
        "tarea": 8,
        "usuario": 4,
        "observaciones": "Off as yes stage true strong want. Perhaps be citizen wonder bed population toward can. Let sense cultural food local letter despite.",
        "fecha_asignacion": "2024-10-25T13:00:01.779"
    }
},
{
    "model": "GestionTareas.asignaciontarea",
    "pk": 14,
    "fields": {
        "tarea": 15,
        "usuario": 10,
        "observaciones": "Full set grow wind type. So police report course. Either owner rule animal commercial involve.\nSure skin music off point. Ever apply college approach of commercial best.",
        "fecha_asignacion": "2024-10-25T13:00:01.779"
    }
},
{
    "model": "GestionTareas.asignaciontarea",
    "pk": 15,
    "fields": {
        "tarea": 9,
        "usuario": 3,
        "observaciones": "Detail wonder dark myself. Over him cold method improve shoulder east.\nFire draw its sound capital. Prepare no pick senior response campaign water. Key accept sell yeah way image.",
        "fecha_asignacion": "2024-10-25T13:00:01.779"
    }
},
{
    "model": "GestionTareas.comentario",
    "pk": 1,
    "fields": {
        "contenido": "Lead religious able begin speech. None claim personal its community. Foot section manager interest. Three thus animal investment lawyer lay.",
        "fecha_comentario": "1993-03-01T06:36:23.447",
        "autor": 9,
        "tarea": 6
    }
},
{
    "model": "GestionTareas.comentario",
    "pk": 2,
    "fields": {
        "contenido": "That Congress common recognize rock large technology. Nearly safe police want news coach book program. School price have sense traditional mother.",
        "fecha_comentario": "2009-08-26T11:02:24.119",
        "autor": 11,
        "tarea": 2
    }
},
{
    "model": "GestionTareas.comentario",
    "pk": 3,
    "fields": {
        "contenido": "It raise direction leader control leave individual. Something begin someone owner consider husband. Fine class consider generation number black.\nNearly check sister herself. Air about space data.",
        "fecha_comentario": "2002-07-02T04:18:20.548",
        "autor": 6,
        "tarea": 4
    }
},
{
    "model": "GestionTareas.comentario",
    "pk": 4,
    "fields": {
        "contenido": "Perform guess morning produce loss yeah receive. Positive worry ability ask trial memory specific.\nNearly significant Republican. Decision those whom strategy kitchen community offer mean.",
        "fecha_comentario": "1978-07-18T02:55:20.594",
        "autor": 10,
        "tarea": 3
    }
},
{
    "model": "GestionTareas.comentario",
    "pk": 5,
    "fields": {
        "contenido": "Each state good maybe. Fall partner case watch your medical card. Lot indeed no apply these check ground.",
        "fecha_comentario": "2007-04-13T19:36:55.686",
        "autor": 6,
        "tarea": 2
    }
},
{
    "model": "GestionTareas.comentario",
    "pk": 6,
    "fields": {
        "contenido": "East hear major what. Result agency world Congress buy off discuss.\nStill rise Mr need financial.\nSoon month these environment instead executive. Light never treatment such among baby.",
        "fecha_comentario": "1982-11-29T09:00:37.115",
        "autor": 14,
        "tarea": 7
    }
},
{
    "model": "GestionTareas.comentario",
    "pk": 7,
    "fields": {
        "contenido": "Level learn peace century. Drop cause responsibility court consider try draw entire. World season rate case.\nStory dinner truth their from. Both pressure certainly ten pick follow.",
        "fecha_comentario": "2014-06-22T23:08:26.608",
        "autor": 7,
        "tarea": 9
    }
},
{
    "model": "GestionTareas.comentario",
    "pk": 8,
    "fields": {
        "contenido": "Off sing board manage program. Go crime year author sister board management question. Whose nature gas southern go interest local box.\nFar rich plan high compare paper TV. Alone behind believe occur.",
        "fecha_comentario": "1994-08-28T05:52:03.624",
        "autor": 15,
        "tarea": 4
    }
},
{
    "model": "GestionTareas.comentario",
    "pk": 9,
    "fields": {
        "contenido": "Budget number play prove accept one likely. Them rock cost community today care. Anyone respond well decision century cup produce number.",
        "fecha_comentario": "1980-01-14T18:26:41.021",
        "autor": 12,
        "tarea": 9
    }
},
{
    "model": "GestionTareas.comentario",
    "pk": 10,
    "fields": {
        "contenido": "Actually wish control. Friend fact learn six resource include thus line. Never food certainly price current.\nBehind section throw scene Mrs wish threat form. Few may air respond none their remember.",
        "fecha_comentario": "2011-03-31T15:21:49.465",
        "autor": 6,
        "tarea": 2
    }
},
{
    "model": "GestionTareas.comentario",
    "pk": 11,
    "fields": {
        "contenido": "Attorney listen hotel size. Husband drug culture understand sense. Guy because despite employee possible must Congress mention.",
        "fecha_comentario": "1990-02-03T07:15:39.036",
        "autor": 2,
        "tarea": 2
    }
},
{
    "model": "GestionTareas.comentario",
    "pk": 12,
    "fields": {
        "contenido": "Out management store leave participant check. Read simple stage gun would nature. Provide rate tonight market theory.",
        "fecha_comentario": "1996-11-20T04:18:35.426",
        "autor": 7,
        "tarea": 5
    }
},
{
    "model": "GestionTareas.comentario",
    "pk": 13,
    "fields": {
        "contenido": "Child professional blood case anyone another serious system. Lot material baby do power.\nKitchen avoid contain. Republican whether black current more apply. Money might three dinner here player.",
        "fecha_comentario": "1994-06-08T18:14:41.622",
        "autor": 7,
        "tarea": 2
    }
},
{
    "model": "GestionTareas.comentario",
    "pk": 14,
    "fields": {
        "contenido": "Prevent word center suddenly. Gun increase subject down. I another in debate.",
        "fecha_comentario": "2020-04-27T06:22:55.831",
        "autor": 14,
        "tarea": 13
    }
},
{
    "model": "GestionTareas.comentario",
    "pk": 15,
    "fields": {
        "contenido": "East benefit drop. Leader foot natural speak.\nCatch huge suggest along. Amount owner ahead my hospital bring high.",
        "fecha_comentario": "1974-04-14T13:51:03.035",
        "autor": 15,
        "tarea": 14
    }
}
]
