[
{
    "model": "GestionTareas.usuario",
    "pk": 1,
    "fields": {
        "nombre": "Cup data know always foot. Break step think college fly he. Girl factor deal by spring debate. Fact modern here.",
        "email": "melanierodgers@example.net",
        "contrasenia": "Girl close read house. Its media range do him building. Experience conference give now defense.\nTreat road before with. Myself stock member need listen again offer.",
        "fecha_registro": "2024-10-27T13:28:57.408"
    }
},
{
    "model": "GestionTareas.usuario",
    "pk": 2,
    "fields": {
        "nombre": "Operation institution none east save. Cost receive teacher consider game TV close at. Break able much laugh material few.",
        "email": "jacobsoncody@example.com",
        "contrasenia": "Account mother actually draw themselves worry. Hair since deal edge peace cover. List really health experience rate difficult.\nRest speech down less effort door. Decision foot top hotel decide wind manager.",
        "fecha_registro": "2024-10-27T13:28:57.408"
    }
},
{
    "model": "GestionTareas.usuario",
    "pk": 3,
    "fields": {
        "nombre": "Class figure suffer though thought. Number official several good several amount two.",
        "email": "douglas79@example.net",
        "contrasenia": "Cultural notice study natural thing compare. During sit car young own life agency.\nTrip result single reduce life third. Election majority however worry level executive herself. Little situation standard current else.",
        "fecha_registro": "2024-10-27T13:28:57.408"
    }
},
{
    "model": "GestionTareas.usuario",
    "pk": 4,
    "fields": {
        "nombre": "Very store against pattern not create I.\nInside address grow among compare. Shake last look personal. Section budget bad necessary four eat.",
        "email": "calebjohnson@example.net",
        "contrasenia": "Care hard happen may well front. World apply though vote central either so.\nSocial stock other game. Down deal start too.\nMaybe night responsibility great specific. Gas current face Democrat.",
        "fecha_registro": "2024-10-27T13:28:57.408"
    }
},
{
    "model": "GestionTareas.usuario",
    "pk": 5,
    "fields": {
        "nombre": "Police story identify never situation end dream. Choose pay think out heart garden. Over its response commercial who.",
        "email": "lance70@example.com",
        "contrasenia": "Career region decision other. Live side move them. Ability season day center.\nMaterial event trial indicate soldier great environment. During exactly model police.",
        "fecha_registro": "2024-10-27T13:28:57.408"
    }
},
{
    "model": "GestionTareas.usuario",
    "pk": 6,
    "fields": {
        "nombre": "Other win responsibility central business. Move billion data yes man writer.\nCall between term ask speak like pattern.",
        "email": "zreyes@example.net",
        "contrasenia": "Real weight pretty food well worry coach. Employee wife foreign management.\nAge order who two let reduce information. Although four course mention floor lead where work. Side degree but possible street.",
        "fecha_registro": "2024-10-27T13:28:57.408"
    }
},
{
    "model": "GestionTareas.usuario",
    "pk": 7,
    "fields": {
        "nombre": "Billion sound identify whom interest. Change firm such land there. Nice study both.",
        "email": "oneillashley@example.com",
        "contrasenia": "Share here along employee. Many move treat hard morning wait hear. Great yourself those factor. Serious different trip research new available wide.\nHome individual TV raise white enter open. We dark economic positive guess long.",
        "fecha_registro": "2024-10-27T13:28:57.408"
    }
},
{
    "model": "GestionTareas.usuario",
    "pk": 8,
    "fields": {
        "nombre": "Group community sense process. Away three it itself.",
        "email": "williamsdaniel@example.org",
        "contrasenia": "Firm artist compare them. In direction enjoy easy common.\nParent pull him word. Report close scientist others special card. Happy choice my bag perhaps.\nGeneral many night. Man population guess authority. Price keep myself participant activity.",
        "fecha_registro": "2024-10-27T13:28:57.408"
    }
},
{
    "model": "GestionTareas.usuario",
    "pk": 9,
    "fields": {
        "nombre": "Who theory company. Event international thus factor available American. Radio around too fast.",
        "email": "kimberly64@example.org",
        "contrasenia": "Social manager sometimes million. Out somebody your impact too her but institution.\nDream question within bed. Them despite address operation.",
        "fecha_registro": "2024-10-27T13:28:57.408"
    }
},
{
    "model": "GestionTareas.usuario",
    "pk": 10,
    "fields": {
        "nombre": "So what outside commercial campaign kind meet. Point both probably. Can early I democratic world.",
        "email": "john23@example.com",
        "contrasenia": "Read section measure increase read receive upon. As mouth nature radio south plant. Well third race onto those interesting.",
        "fecha_registro": "2024-10-27T13:28:57.408"
    }
},
{
    "model": "GestionTareas.usuario",
    "pk": 11,
    "fields": {
        "nombre": "President better care light leg relationship. Gas raise though cost bring. Certain something thing new.",
        "email": "parkerandrew@example.net",
        "contrasenia": "Professional together whole single. Republican cut property quality. Really available receive key image bank.\nLetter receive society itself his. Sister actually growth according wrong protect. Trade character who southern.",
        "fecha_registro": "2024-10-27T13:28:57.408"
    }
},
{
    "model": "GestionTareas.usuario",
    "pk": 12,
    "fields": {
        "nombre": "Step former few different suddenly social ability.\nItself write assume. Step report sing buy every article most. Property usually deep low than.",
        "email": "alexanderdonna@example.net",
        "contrasenia": "Say protect most process he. It various else nearly important information. Edge project coach how nation unit main billion.\nDefense strategy industry. Which often popular machine politics. Watch ok audience care heavy space.",
        "fecha_registro": "2024-10-27T13:28:57.408"
    }
},
{
    "model": "GestionTareas.usuario",
    "pk": 13,
    "fields": {
        "nombre": "Bed strategy clear rate marriage agent the. Follow laugh discuss development.",
        "email": "adkinsmorgan@example.org",
        "contrasenia": "Box hit determine scene story. Husband attention executive our fire. Machine game politics.\nRequire couple big. Serve tell everything.\nProfessional smile our street. Defense money step conference investment. President majority soon thousand.",
        "fecha_registro": "2024-10-27T13:28:57.408"
    }
},
{
    "model": "GestionTareas.usuario",
    "pk": 14,
    "fields": {
        "nombre": "Against relationship choice upon sport sometimes trial. Through draw real information. Key fast whom generation during.",
        "email": "william14@example.net",
        "contrasenia": "Impact with investment once where Congress reality. Industry usually much west certain. Maybe me age remain responsibility general.\nInterview able body subject series pay or fish.",
        "fecha_registro": "2024-10-27T13:28:57.408"
    }
},
{
    "model": "GestionTareas.usuario",
    "pk": 15,
    "fields": {
        "nombre": "Kind popular accept occur. Listen reason huge history theory thing. Well crime consider bank everything financial hotel.",
        "email": "barronkendra@example.net",
        "contrasenia": "Word glass general. Today size remember response west trade concern. Voice player particular father see high. Rock prevent between in team since.\nLeast become include information product. Firm it billion week might.",
        "fecha_registro": "2024-10-27T13:28:57.408"
    }
},
{
    "model": "GestionTareas.proyecto",
    "pk": 1,
    "fields": {
        "nombre": "Sense drop similar someone whatever prove list ever. Message account her statement.",
        "descripcion": "Raise spring my health somebody senior left sea. Soldier recent trade physical machine.\nPerson school that surface a. Economic on evening shoulder number realize soldier.",
        "duracion_estimada": 0.3952217906048131,
        "fecha_inicio": "1976-09-06",
        "fecha_finalizacion": "2015-07-25",
        "creador": 2,
        "usuarios_asignados": [
            4,
            7,
            15
        ]
    }
},
{
    "model": "GestionTareas.proyecto",
    "pk": 2,
    "fields": {
        "nombre": "Pass although whatever significant. Wife this husband money door station help. Key section Mr sing only reality.",
        "descripcion": "Wide phone interesting range Republican seem star more. Reach easy itself born forget hard theory. House for base would.\nReveal his oil at. One soldier ball.",
        "duracion_estimada": 0.12179209682903402,
        "fecha_inicio": "1985-03-01",
        "fecha_finalizacion": "1991-10-03",
        "creador": 9,
        "usuarios_asignados": [
            3,
            6,
            8
        ]
    }
},
{
    "model": "GestionTareas.proyecto",
    "pk": 3,
    "fields": {
        "nombre": "Than firm win goal own black another concern. First network buy draw.\nEast evidence half onto relationship color.",
        "descripcion": "Financial discuss garden total thus understand live. Short issue sister partner me area glass.\nWorld focus cover camera foreign radio her.",
        "duracion_estimada": 0.9783925608085651,
        "fecha_inicio": "1972-03-24",
        "fecha_finalizacion": "2020-07-15",
        "creador": 2,
        "usuarios_asignados": [
            5,
            7,
            13
        ]
    }
},
{
    "model": "GestionTareas.proyecto",
    "pk": 4,
    "fields": {
        "nombre": "Hit democratic sometimes purpose manager fact win. Down hear low back. Visit artist laugh fear.",
        "descripcion": "Term operation future learn then wrong. Common memory worker among shake big.\nMovement world side to. Everybody lay like cold lay best. Man nothing director drug daughter decade want true.",
        "duracion_estimada": 0.08813303233155012,
        "fecha_inicio": "2001-12-14",
        "fecha_finalizacion": "1980-05-11",
        "creador": 15,
        "usuarios_asignados": [
            14
        ]
    }
},
{
    "model": "GestionTareas.proyecto",
    "pk": 5,
    "fields": {
        "nombre": "Door tax seem. Drug strategy mind reduce for media. Couple realize country man pattern land.",
        "descripcion": "Material long into. Parent top college indicate Democrat kid. Arrive remember out although soon choice true.",
        "duracion_estimada": 0.4874513527106914,
        "fecha_inicio": "1988-09-09",
        "fecha_finalizacion": "2009-11-08",
        "creador": 6,
        "usuarios_asignados": [
            14
        ]
    }
},
{
    "model": "GestionTareas.proyecto",
    "pk": 6,
    "fields": {
        "nombre": "Around direction car subject state hundred camera. Behind bad expert quite senior.",
        "descripcion": "Ask foreign itself last good race compare. Like build lay white father suddenly sister. Performance total low billion community free.",
        "duracion_estimada": 0.8396060548982939,
        "fecha_inicio": "2011-04-27",
        "fecha_finalizacion": "2016-05-17",
        "creador": 14,
        "usuarios_asignados": [
            10,
            13
        ]
    }
},
{
    "model": "GestionTareas.proyecto",
    "pk": 7,
    "fields": {
        "nombre": "After management through consumer role thousand.",
        "descripcion": "Former involve mission south station gun. Probably impact system rule continue arm.\nWe practice long need rule. Wait window agree example number take.",
        "duracion_estimada": 0.33520299096005934,
        "fecha_inicio": "2018-04-30",
        "fecha_finalizacion": "2013-12-24",
        "creador": 5,
        "usuarios_asignados": [
            7,
            12,
            14
        ]
    }
},
{
    "model": "GestionTareas.proyecto",
    "pk": 8,
    "fields": {
        "nombre": "Keep order whole local. Identify wrong market director. Doctor exactly nation already such beautiful.",
        "descripcion": "Same six attorney sit. Cover of opportunity level evidence subject computer. Away face once. Feeling money and use red turn instead eight.",
        "duracion_estimada": 0.41390486112150016,
        "fecha_inicio": "1998-03-22",
        "fecha_finalizacion": "2007-06-12",
        "creador": 10,
        "usuarios_asignados": [
            5,
            15
        ]
    }
},
{
    "model": "GestionTareas.proyecto",
    "pk": 9,
    "fields": {
        "nombre": "Service hospital shake identify hotel certainly no. Should to until deal Mr they. Ok dinner force kid religious foreign house parent.",
        "descripcion": "Project year theory political left light power free. Year production open ball. Nearly with wrong mind.",
        "duracion_estimada": 0.8955099723631651,
        "fecha_inicio": "1991-05-17",
        "fecha_finalizacion": "2020-08-20",
        "creador": 1,
        "usuarios_asignados": [
            2,
            13,
            14
        ]
    }
},
{
    "model": "GestionTareas.proyecto",
    "pk": 10,
    "fields": {
        "nombre": "Participant factor standard economic really add themselves.",
        "descripcion": "Street economy agency. And stand somebody for several commercial station.\nRemember grow size television present carry. Accept price stuff money with.",
        "duracion_estimada": 0.2778872169847877,
        "fecha_inicio": "1980-10-07",
        "fecha_finalizacion": "1985-12-03",
        "creador": 3,
        "usuarios_asignados": [
            2,
            7,
            13,
            15
        ]
    }
},
{
    "model": "GestionTareas.proyecto",
    "pk": 11,
    "fields": {
        "nombre": "Black different you three option behind create. Population fine professor form kind. Such hundred base year. Sister the raise experience job.",
        "descripcion": "Stock trial water. Fear receive pattern place what majority. Born bar put government nation garden apply spring.",
        "duracion_estimada": 0.7248642908346787,
        "fecha_inicio": "1985-04-13",
        "fecha_finalizacion": "1991-05-26",
        "creador": 4,
        "usuarios_asignados": [
            7,
            8,
            12
        ]
    }
},
{
    "model": "GestionTareas.proyecto",
    "pk": 12,
    "fields": {
        "nombre": "Direction approach indicate still. Character machine east sport. While end actually party in.",
        "descripcion": "Within his natural start fact feeling. Too role add way red near.\nTv media last inside attorney.",
        "duracion_estimada": 0.7466752688270101,
        "fecha_inicio": "2014-01-12",
        "fecha_finalizacion": "2022-11-15",
        "creador": 7,
        "usuarios_asignados": [
            2,
            3,
            4,
            6
        ]
    }
},
{
    "model": "GestionTareas.proyecto",
    "pk": 13,
    "fields": {
        "nombre": "Ahead property be find nature such.\nLike human us shoulder source. Quite PM spend economic name would.",
        "descripcion": "Clearly message I magazine young management fire. Campaign data throw once fall. Lawyer your anything quality poor specific national movement.",
        "duracion_estimada": 0.8164178263074505,
        "fecha_inicio": "1978-10-02",
        "fecha_finalizacion": "1985-12-09",
        "creador": 4,
        "usuarios_asignados": [
            6,
            15
        ]
    }
},
{
    "model": "GestionTareas.proyecto",
    "pk": 14,
    "fields": {
        "nombre": "Author seat hold else common more. Whether down drug.\nFinally suddenly it. Some make well nice run.",
        "descripcion": "Newspaper want member kitchen image scientist. Mrs fund near shoulder.\nHealth movie treat standard. Another blue model think.",
        "duracion_estimada": 0.8696557148660126,
        "fecha_inicio": "1976-09-29",
        "fecha_finalizacion": "1996-10-15",
        "creador": 3,
        "usuarios_asignados": [
            5,
            13
        ]
    }
},
{
    "model": "GestionTareas.proyecto",
    "pk": 15,
    "fields": {
        "nombre": "Support range nearly threat executive.\nResult skill accept artist organization anyone actually.",
        "descripcion": "Business data pattern people require leave require. Must center including story part kitchen wish western. Wall science ready major also fire.",
        "duracion_estimada": 0.6556638495528098,
        "fecha_inicio": "1991-09-07",
        "fecha_finalizacion": "1977-02-11",
        "creador": 4,
        "usuarios_asignados": [
            9
        ]
    }
},
{
    "model": "GestionTareas.etiqueta",
    "pk": 1,
    "fields": {
        "nombre": "Somebody kitchen risk part focus. Author wide either its suffer."
    }
},
{
    "model": "GestionTareas.etiqueta",
    "pk": 2,
    "fields": {
        "nombre": "Majority house weight system list. Fund because director interview."
    }
},
{
    "model": "GestionTareas.etiqueta",
    "pk": 3,
    "fields": {
        "nombre": "Stuff least believe show lead ready purpose. Design teach station free move age. President though another politics well catch yourself avoid."
    }
},
{
    "model": "GestionTareas.etiqueta",
    "pk": 4,
    "fields": {
        "nombre": "Full from phone often until. Teacher someone send job.\nSometimes follow style. Speak road religious player expect yard."
    }
},
{
    "model": "GestionTareas.etiqueta",
    "pk": 5,
    "fields": {
        "nombre": "Certainly cover fear away customer morning within woman. Two property require generation concern region."
    }
},
{
    "model": "GestionTareas.etiqueta",
    "pk": 6,
    "fields": {
        "nombre": "Stop resource organization run suffer lot land position. Throughout success mission whether grow run various. Suggest difficult reflect blood too."
    }
},
{
    "model": "GestionTareas.etiqueta",
    "pk": 7,
    "fields": {
        "nombre": "Senior drive really deep cell a. Group woman plant have a south."
    }
},
{
    "model": "GestionTareas.etiqueta",
    "pk": 8,
    "fields": {
        "nombre": "Second option collection few floor reason. Buy one century around."
    }
},
{
    "model": "GestionTareas.etiqueta",
    "pk": 9,
    "fields": {
        "nombre": "Mr night growth age challenge customer soon. Hour four investment. Important blue first contain company."
    }
},
{
    "model": "GestionTareas.etiqueta",
    "pk": 10,
    "fields": {
        "nombre": "Dog past return several marriage. Six show street nor last go property. Study food reflect quickly PM American."
    }
},
{
    "model": "GestionTareas.etiqueta",
    "pk": 11,
    "fields": {
        "nombre": "Another summer central product music so.\nThank deal with follow. Chance expert sure wish story support herself blood."
    }
},
{
    "model": "GestionTareas.etiqueta",
    "pk": 12,
    "fields": {
        "nombre": "Again budget note argue education finish school. Discuss may for look charge much. Surface staff either around fly."
    }
},
{
    "model": "GestionTareas.etiqueta",
    "pk": 13,
    "fields": {
        "nombre": "Sing season happy lay relationship politics summer. Drop treat budget professional."
    }
},
{
    "model": "GestionTareas.etiqueta",
    "pk": 14,
    "fields": {
        "nombre": "Interest store gun once it century after."
    }
},
{
    "model": "GestionTareas.etiqueta",
    "pk": 15,
    "fields": {
        "nombre": "Sport law read check. Per buy big condition black including ground shoulder. Citizen even church fight positive notice."
    }
},
{
    "model": "GestionTareas.tarea",
    "pk": 1,
    "fields": {
        "titulo": "Manage or film region. Break spend establish weight letter challenge customer. West term rate own address.\nPhysical training however nature off. Toward early staff great same.\nView court suffer live along week. Build life argue full but you agent.",
        "descripcion": "Common control sell fly two. Enjoy action personal cultural sure.",
        "prioridad": -25609,
        "estado": "Progreso",
        "completada": false,
        "fecha_creacion": "1996-06-30",
        "hora_vencimiento": "2016-01-02T02:05:44",
        "creador": 15,
        "proyecto": 15,
        "etiquetas_asociadas": [
            11,
            12
        ]
    }
},
{
    "model": "GestionTareas.tarea",
    "pk": 2,
    "fields": {
        "titulo": "Alone sport foreign now kind. Anyone positive own. Prepare put myself medical state.\nCenter admit shoulder parent dog approach place fast. Few form fill care. Want face cultural these guy style.",
        "descripcion": "Four dark point reason have work. Whatever learn plan five hospital gas police. Doctor song pattern get price.",
        "prioridad": -9706,
        "estado": "Completada",
        "completada": true,
        "fecha_creacion": "1998-12-19",
        "hora_vencimiento": "1975-04-24T19:15:05",
        "creador": 6,
        "proyecto": 10,
        "etiquetas_asociadas": [
            8,
            12
        ]
    }
},
{
    "model": "GestionTareas.tarea",
    "pk": 3,
    "fields": {
        "titulo": "Card year before through professor against. Rate need today establish age first society knowledge.\nPersonal win institution deal easy. Education a event everything vote whole manage group.",
        "descripcion": "Hold serve people. Just fear hold whether range ahead create will.\nRequire letter involve how final structure. Congress car letter during through individual yeah direction.",
        "prioridad": 13273,
        "estado": "Completada",
        "completada": false,
        "fecha_creacion": "2004-09-26",
        "hora_vencimiento": "2009-06-09T20:55:28",
        "creador": 7,
        "proyecto": 1,
        "etiquetas_asociadas": [
            1,
            3
        ]
    }
},
{
    "model": "GestionTareas.tarea",
    "pk": 4,
    "fields": {
        "titulo": "Describe report early floor theory. Generation prevent step see newspaper.\nBag good huge. Quickly not approach successful similar forget relationship look. Mouth compare any manage cause successful scientist.",
        "descripcion": "Capital fear network bar stay long which part. Side become do themselves reach property probably now. Every seat cost surface company form.",
        "prioridad": -28650,
        "estado": "Completada",
        "completada": true,
        "fecha_creacion": "2012-10-12",
        "hora_vencimiento": "2014-01-04T20:34:30",
        "creador": 8,
        "proyecto": 9,
        "etiquetas_asociadas": [
            8
        ]
    }
},
{
    "model": "GestionTareas.tarea",
    "pk": 5,
    "fields": {
        "titulo": "Reduce argue other catch serve out nor traditional. Director chance old meet. Most eight my wind best amount.\nDecide only knowledge collection hotel. Full type now soldier.\nSpecial picture personal thank.\nSpace continue specific.",
        "descripcion": "Suddenly themselves ten agent finish bad. Term seek training card night kind left management.\nStory manage during anything want kitchen run.",
        "prioridad": 25361,
        "estado": "Completada",
        "completada": true,
        "fecha_creacion": "1973-02-15",
        "hora_vencimiento": "1977-05-22T23:30:39",
        "creador": 8,
        "proyecto": 7,
        "etiquetas_asociadas": [
            2
        ]
    }
},
{
    "model": "GestionTareas.tarea",
    "pk": 6,
    "fields": {
        "titulo": "Old its ago field much speak. Arm offer news step.\nHow natural begin arrive cut. Water administration traditional television everybody large share candidate. Care argue perform hot law total believe strong.",
        "descripcion": "Performance state study difficult.\nFall recognize many crime turn someone surface. Show blue until very.\nInstead reveal both.",
        "prioridad": -13180,
        "estado": "Pendiente",
        "completada": true,
        "fecha_creacion": "1980-06-22",
        "hora_vencimiento": "2013-01-04T16:48:29",
        "creador": 13,
        "proyecto": 12,
        "etiquetas_asociadas": [
            3,
            6,
            14
        ]
    }
},
{
    "model": "GestionTareas.tarea",
    "pk": 7,
    "fields": {
        "titulo": "Reveal continue hair chance worry they. Full tax ball rise. Mother describe score. Former forward finally position join behind.\nThreat value management analysis morning always bed. Among conference point television deal.",
        "descripcion": "Important become big radio. Record guy himself ten scene.\nNearly push culture type matter. Blood just like southern sense. Listen agreement opportunity.",
        "prioridad": -5171,
        "estado": "Pendiente",
        "completada": true,
        "fecha_creacion": "1991-04-13",
        "hora_vencimiento": "1986-04-09T11:35:08",
        "creador": 13,
        "proyecto": 10,
        "etiquetas_asociadas": [
            7
        ]
    }
},
{
    "model": "GestionTareas.tarea",
    "pk": 8,
    "fields": {
        "titulo": "Represent window boy military. Law serve friend seem prepare somebody. Will appear wide staff dream board.",
        "descripcion": "Clear home free. Dream center dinner will short. Bag sing daughter some skill under.\nAround office member dark.",
        "prioridad": -6030,
        "estado": "Pendiente",
        "completada": true,
        "fecha_creacion": "1996-03-04",
        "hora_vencimiento": "1973-01-18T00:58:36",
        "creador": 13,
        "proyecto": 7,
        "etiquetas_asociadas": [
            6,
            7
        ]
    }
},
{
    "model": "GestionTareas.tarea",
    "pk": 9,
    "fields": {
        "titulo": "Official defense speak point. Election coach give direction prove.\nNeed newspaper environmental discussion government build. Sound star probably have better north note. Away out push commercial hear three beautiful.",
        "descripcion": "Strategy author sit head food. Too office similar happen all which.\nWeek in hair season teach center author. Close everything explain morning star wonder carry upon.",
        "prioridad": 19464,
        "estado": "Completada",
        "completada": false,
        "fecha_creacion": "1984-03-18",
        "hora_vencimiento": "1998-10-18T14:21:00",
        "creador": 11,
        "proyecto": 4,
        "etiquetas_asociadas": [
            3,
            13
        ]
    }
},
{
    "model": "GestionTareas.tarea",
    "pk": 10,
    "fields": {
        "titulo": "Indicate live seem. Drive serious fine believe watch let south. Four sometimes serious safe less.\nDoctor especially often several start. Recent people hope major same behind present.",
        "descripcion": "Increase learn heavy make huge want.\nResearch concern environment explain. Learn open meet more four relate defense.\nHuman area enter trade party news with. Position he consider read may land.",
        "prioridad": -23851,
        "estado": "Completada",
        "completada": false,
        "fecha_creacion": "2008-01-12",
        "hora_vencimiento": "1989-08-04T20:16:03",
        "creador": 2,
        "proyecto": 9,
        "etiquetas_asociadas": [
            7,
            15
        ]
    }
},
{
    "model": "GestionTareas.tarea",
    "pk": 11,
    "fields": {
        "titulo": "Newspaper action traditional election level write. Sound cell Democrat choose tree door sense. Character recent media wind outside up.\nWay job suggest poor prevent. Land create member treat road develop attorney.\nReceive room look fast out.",
        "descripcion": "Control protect shake. Stand everyone future everyone contain.\nPainting ago meet international argue inside leave. North why Mr very.",
        "prioridad": 16589,
        "estado": "Progreso",
        "completada": false,
        "fecha_creacion": "1989-01-23",
        "hora_vencimiento": "1985-12-09T23:24:48",
        "creador": 2,
        "proyecto": 2,
        "etiquetas_asociadas": [
            1,
            2,
            13
        ]
    }
},
{
    "model": "GestionTareas.tarea",
    "pk": 12,
    "fields": {
        "titulo": "Within move treatment north threat investment sing.\nNot employee past statement price also. Short bit like probably hot although design. Very his easy pass experience theory yard.",
        "descripcion": "Only only behind design bit summer fact meet. Put development when answer deal water. Year thought herself treat boy very benefit agent.",
        "prioridad": 21824,
        "estado": "Progreso",
        "completada": true,
        "fecha_creacion": "1972-06-26",
        "hora_vencimiento": "2013-05-23T16:06:40",
        "creador": 7,
        "proyecto": 10,
        "etiquetas_asociadas": [
            5
        ]
    }
},
{
    "model": "GestionTareas.tarea",
    "pk": 13,
    "fields": {
        "titulo": "Best choice clearly scientist good side. Home skin stay here population military son listen. Method else political save.\nDesign house tend mean tonight anyone. Of suffer very claim.",
        "descripcion": "Purpose recognize knowledge avoid as. Training degree player bring energy outside.\nGreat operation include themselves almost. South thank address analysis power wall.",
        "prioridad": 9606,
        "estado": "Progreso",
        "completada": true,
        "fecha_creacion": "1988-03-30",
        "hora_vencimiento": "1971-06-02T17:42:45",
        "creador": 8,
        "proyecto": 13,
        "etiquetas_asociadas": [
            3,
            4,
            12,
            15
        ]
    }
},
{
    "model": "GestionTareas.tarea",
    "pk": 14,
    "fields": {
        "titulo": "Happy score way tonight. National clear actually force education. Establish challenge cold who.\nAnswer pick stuff truth set early experience could. Against politics recent agree question cold. Wonder protect fly practice sound.",
        "descripcion": "Manage why stage improve few.\nRealize set the own discuss. Popular hand find.\nPolice visit international now size kid. Our Democrat word himself race head sure. Two current television figure size.",
        "prioridad": 1998,
        "estado": "Progreso",
        "completada": false,
        "fecha_creacion": "2003-07-20",
        "hora_vencimiento": "2010-05-28T18:50:03",
        "creador": 13,
        "proyecto": 1,
        "etiquetas_asociadas": [
            1,
            4
        ]
    }
},
{
    "model": "GestionTareas.tarea",
    "pk": 15,
    "fields": {
        "titulo": "Produce contain because tax community. What and catch bring. Many money reduce.\nNice movie before born decade likely know realize. Protect camera catch star will try. International out source human name turn.",
        "descripcion": "Production include really else forget report. Unit most different article. Tree that fine.\nSeem film authority lead.\nAnd world protect.",
        "prioridad": -20094,
        "estado": "Pendiente",
        "completada": true,
        "fecha_creacion": "2013-09-20",
        "hora_vencimiento": "2010-05-16T12:39:00",
        "creador": 14,
        "proyecto": 14,
        "etiquetas_asociadas": [
            5,
            11
        ]
    }
},
{
    "model": "GestionTareas.asignaciontarea",
    "pk": 1,
    "fields": {
        "tarea": 11,
        "usuario": 4,
        "observaciones": "Wife bad sport accept kind music. Young him production wife short successful. Pm property live actually.\nBusiness truth action toward would or. Air certain them see. Former here matter next.",
        "fecha_asignacion": "2024-10-27T13:28:57.409"
    }
},
{
    "model": "GestionTareas.asignaciontarea",
    "pk": 2,
    "fields": {
        "tarea": 14,
        "usuario": 3,
        "observaciones": "Home two throw mouth history grow they current.\nPhone court customer wife front wide final important. Those although will detail personal course.\nDirector improve road on side four why.",
        "fecha_asignacion": "2024-10-27T13:28:57.409"
    }
},
{
    "model": "GestionTareas.asignaciontarea",
    "pk": 3,
    "fields": {
        "tarea": 14,
        "usuario": 7,
        "observaciones": "Line write lose paper would trade. Brother the position stand those fine happy. Court student forward economic.\nConsider public third senior training guess.",
        "fecha_asignacion": "2024-10-27T13:28:57.409"
    }
},
{
    "model": "GestionTareas.asignaciontarea",
    "pk": 4,
    "fields": {
        "tarea": 10,
        "usuario": 5,
        "observaciones": "Glass bar know cup when yet court boy.\nMe that carry nor. Sort much wife.\nMore know stay or forward attention. Field teacher course talk vote.",
        "fecha_asignacion": "2024-10-27T13:28:57.409"
    }
},
{
    "model": "GestionTareas.asignaciontarea",
    "pk": 5,
    "fields": {
        "tarea": 4,
        "usuario": 9,
        "observaciones": "Really record we support opportunity particularly main program.",
        "fecha_asignacion": "2024-10-27T13:28:57.409"
    }
},
{
    "model": "GestionTareas.asignaciontarea",
    "pk": 6,
    "fields": {
        "tarea": 7,
        "usuario": 9,
        "observaciones": "Head continue walk Democrat make president white.\nTrue box decade receive this deal happen. Fish level message forward hard station box. Sea foreign break tell early early thousand.",
        "fecha_asignacion": "2024-10-27T13:28:57.409"
    }
},
{
    "model": "GestionTareas.asignaciontarea",
    "pk": 7,
    "fields": {
        "tarea": 7,
        "usuario": 4,
        "observaciones": "Result wife start development recently theory. Arrive man father feeling meeting listen more forget.\nScore condition arm yeah. Stand behavior during no outside trial. Ahead win unit.",
        "fecha_asignacion": "2024-10-27T13:28:57.409"
    }
},
{
    "model": "GestionTareas.asignaciontarea",
    "pk": 8,
    "fields": {
        "tarea": 11,
        "usuario": 5,
        "observaciones": "Difference rather issue glass wear wear. Happen raise environment whole community. Relate little voice early feel deep.\nSouthern happy room Republican. Never thank phone hundred special sound.",
        "fecha_asignacion": "2024-10-27T13:28:57.409"
    }
},
{
    "model": "GestionTareas.asignaciontarea",
    "pk": 9,
    "fields": {
        "tarea": 12,
        "usuario": 3,
        "observaciones": "Morning especially every Mrs room enough. Various see drive to lay. Third right benefit idea sign positive. Care leg stock necessary manage trouble.",
        "fecha_asignacion": "2024-10-27T13:28:57.409"
    }
},
{
    "model": "GestionTareas.asignaciontarea",
    "pk": 10,
    "fields": {
        "tarea": 7,
        "usuario": 8,
        "observaciones": "Account enter accept simple over growth. Computer during fire thought ahead perform. Office alone we let full. Her find two performance answer explain art.",
        "fecha_asignacion": "2024-10-27T13:28:57.409"
    }
},
{
    "model": "GestionTareas.asignaciontarea",
    "pk": 11,
    "fields": {
        "tarea": 5,
        "usuario": 3,
        "observaciones": "Go change southern ten board score. Ground party doctor paper later democratic floor. Accept power everything house.",
        "fecha_asignacion": "2024-10-27T13:28:57.409"
    }
},
{
    "model": "GestionTareas.asignaciontarea",
    "pk": 12,
    "fields": {
        "tarea": 12,
        "usuario": 8,
        "observaciones": "News local fly me report wear. Word into before our couple. Hear company show movie.\nTrue almost defense heavy. Leave somebody top light include.",
        "fecha_asignacion": "2024-10-27T13:28:57.409"
    }
},
{
    "model": "GestionTareas.asignaciontarea",
    "pk": 13,
    "fields": {
        "tarea": 13,
        "usuario": 7,
        "observaciones": "Economic score drive little. Part poor light blue.\nLow which budget candidate different available parent hope. Agree develop understand beat discussion focus even.",
        "fecha_asignacion": "2024-10-27T13:28:57.409"
    }
},
{
    "model": "GestionTareas.asignaciontarea",
    "pk": 14,
    "fields": {
        "tarea": 2,
        "usuario": 13,
        "observaciones": "Wear film process debate see play statement. Peace important beautiful watch travel again.",
        "fecha_asignacion": "2024-10-27T13:28:57.409"
    }
},
{
    "model": "GestionTareas.asignaciontarea",
    "pk": 15,
    "fields": {
        "tarea": 12,
        "usuario": 14,
        "observaciones": "Arm could nothing other. Would offer course left response.\nSmile property hair spend officer son with. Player imagine human organization rule step.",
        "fecha_asignacion": "2024-10-27T13:28:57.409"
    }
},
{
    "model": "GestionTareas.comentario",
    "pk": 1,
    "fields": {
        "contenido": "Painting especially each. Those world expect today history green. Set sell soldier rise.\nSummer not second although sell religious onto. Court prepare against science two.",
        "fecha_comentario": "2009-08-18T03:37:15",
        "autor": 4,
        "tarea": 1
    }
},
{
    "model": "GestionTareas.comentario",
    "pk": 2,
    "fields": {
        "contenido": "Drive notice really learn. Indeed focus never single drug listen half consider. Decade situation on yard size.\nSkin including kitchen. Magazine development difficult right.",
        "fecha_comentario": "2013-09-24T17:42:12",
        "autor": 14,
        "tarea": 1
    }
},
{
    "model": "GestionTareas.comentario",
    "pk": 3,
    "fields": {
        "contenido": "Level radio born like so society. Green total always specific sell community you. She sing sign somebody add perhaps.\nHair space positive last product personal. Wrong effect boy along around already.",
        "fecha_comentario": "1979-07-27T08:29:17",
        "autor": 8,
        "tarea": 7
    }
},
{
    "model": "GestionTareas.comentario",
    "pk": 4,
    "fields": {
        "contenido": "Big whom fall yet detail generation debate. Catch official right themselves.\nPerhaps up audience painting protect. Analysis they if school see many.\nProgram perform later around.",
        "fecha_comentario": "1983-03-14T00:22:31",
        "autor": 7,
        "tarea": 5
    }
},
{
    "model": "GestionTareas.comentario",
    "pk": 5,
    "fields": {
        "contenido": "Stand myself learn unit. Certainly probably few rich. Student instead enjoy appear how.\nThroughout wall teacher purpose democratic meeting. On million pressure also opportunity quite hundred.",
        "fecha_comentario": "2013-12-13T18:25:16",
        "autor": 13,
        "tarea": 10
    }
},
{
    "model": "GestionTareas.comentario",
    "pk": 6,
    "fields": {
        "contenido": "Ok whether but scene investment moment job beat. Church head thousand inside.\nCustomer recognize money new during standard. Drop arrive cost strong staff pressure hot.",
        "fecha_comentario": "2014-06-18T05:44:21",
        "autor": 9,
        "tarea": 7
    }
},
{
    "model": "GestionTareas.comentario",
    "pk": 7,
    "fields": {
        "contenido": "Music face production answer say radio. Service radio only upon. Certainly meeting manage yeah according.",
        "fecha_comentario": "2002-05-01T07:02:11",
        "autor": 7,
        "tarea": 12
    }
},
{
    "model": "GestionTareas.comentario",
    "pk": 8,
    "fields": {
        "contenido": "Last Mr heavy although data page again toward. Scientist company enjoy clearly analysis be. Blue marriage role identify number interesting station.",
        "fecha_comentario": "2002-07-24T03:07:35",
        "autor": 10,
        "tarea": 5
    }
},
{
    "model": "GestionTareas.comentario",
    "pk": 9,
    "fields": {
        "contenido": "Machine defense green boy specific glass easy front. Manage its back strong treatment could debate. Magazine economic sea wall.",
        "fecha_comentario": "1971-06-23T00:55:27",
        "autor": 1,
        "tarea": 14
    }
},
{
    "model": "GestionTareas.comentario",
    "pk": 10,
    "fields": {
        "contenido": "Happen information and nation. Of ok century southern yes can make. While remember film miss.\nBillion especially out military move benefit test.",
        "fecha_comentario": "1972-01-03T17:48:16",
        "autor": 5,
        "tarea": 2
    }
},
{
    "model": "GestionTareas.comentario",
    "pk": 11,
    "fields": {
        "contenido": "Especially president car want let read. Send oil so spend budget few maybe.\nToday imagine worry mind. Guy pay year education myself explain food. Show me prepare surface character.",
        "fecha_comentario": "2021-07-29T07:07:31",
        "autor": 8,
        "tarea": 15
    }
},
{
    "model": "GestionTareas.comentario",
    "pk": 12,
    "fields": {
        "contenido": "Team should city fear thought quality defense best. Measure less game political.\nCity trouble scientist. Either health sell into it.",
        "fecha_comentario": "1975-09-09T07:04:22",
        "autor": 1,
        "tarea": 9
    }
},
{
    "model": "GestionTareas.comentario",
    "pk": 13,
    "fields": {
        "contenido": "Yet benefit letter whole. And game voice fill wind computer. Pay system bad course dream.\nDinner knowledge Democrat have.\nDoor city me. Investment region most game drop maybe do.",
        "fecha_comentario": "1982-08-31T16:21:33",
        "autor": 3,
        "tarea": 5
    }
},
{
    "model": "GestionTareas.comentario",
    "pk": 14,
    "fields": {
        "contenido": "Too upon theory executive cause benefit quickly. Evening accept crime usually none second girl middle. Speech baby painting agent note despite.",
        "fecha_comentario": "1995-07-17T08:26:47",
        "autor": 14,
        "tarea": 11
    }
},
{
    "model": "GestionTareas.comentario",
    "pk": 15,
    "fields": {
        "contenido": "Represent operation identify there. Unit process interesting low.\nCatch food buy government fall. Move environmental politics manage.",
        "fecha_comentario": "2022-01-13T09:38:59",
        "autor": 7,
        "tarea": 9
    }
}
]